<?xml version="1.0" encoding="UTF-8" standalone="yes"?>
<addon id="script.module.lastship" name="Lastship Module" version="1.0.6" provider-name="LastShip">
	<requires>
		<import addon="xbmc.python" version="2.1.0" />
	</requires>
	<extension point="xbmc.python.module" library="lib" />
	<extension point="xbmc.addon.metadata">
		<platform>all</platform>
		<summary lang="en">lastship</summary>
		<description>Viel Spaß mit LastShip</description>
		<news lang="de">- add streamdream Update
- Update Personen Suche (Filme)
- Add Option Automatisch Fortsetzen
- Add Trakt Fortestzungspukt (Bookmarks Function), jedoch zur Zeit in Lastship deaktiviert
- Add Trakt Angefangene/nicht beendete Episoden Kategorie
- Add Funktion nur Premium Links (Bezahllinks) anzeigen
</news>
	</extension>
</addon>
