<?xml version="1.0" encoding="UTF-8" standalone="yes"?>
<addon id="plugin.video.lastship" version="1.2.2" name="Lastship" provider-name="Lastship">
	<requires>
		<import addon="xbmc.python" version="2.19.0" />
		<import addon="repository.lastship" version="1.0.1" />
		<import addon="script.lastship.artwork" version="1.0.4" />
		<import addon="script.lastship.metadata" version="1.0.0" />
		<import addon="script.module.urlresolver" version="3.0.0" />
		<import addon="script.module.metahandler" version="1.0.0" />
	</requires>
	<extension point="xbmc.python.pluginsource" library="lastship.py">
		<provides>video</provides>
	</extension>
	<extension point="xbmc.service" library="service.py" start="startup" />
	<extension point="xbmc.addon.metadata">
		<summary lang="en">Lastship</summary>
		<description lang="de">Wir suchen Entwickler. Bitte besuche das Forum [COLOR blue]http://lastship.square7.ch/forum/forumdisplay.php?fid=5[/COLOR] oder unseren Chatroom [COLOR blue]https://gitter.im/Lastship_Chat/Lobby[/COLOR] für Unterstützung und Fragen zu Lastship. Lastship FAQ bitte lesen. Beachte, dass Lastship kein offizieller Teil des verwendeten Media Players ist, und daher nicht von den offiziellen Support-Kanälen abgedeckt wird. Es handelt sich lediglich um eine Drittanbieter-Erweiterung, die dem System hinzugefügt wurde.</description>
		<description lang="en">We're looking for developers. For support or questions about Lastship, please visit the forums [COLOR blue]http://lastship.square7.ch/forum/forumdisplay.php?fid=5[/COLOR] or our chat room [COLOR blue]https://gitter.im/Lastship_Chat/Lobby[/COLOR]. Please read the Lastship FAQs. Keep in mind that Lastship is not an official part of the media player it runs on, thhus it will not be supported via the official channels. It is just a third-party extension, which has been integrated into the system.</description>
		<disclaimer lang="de">Die von diesem Addon dargestellten Inhalte werden von den Erstellern der Software weder gehostet oder verbreitet, noch stehen die Ersteller in irgendeiner Beziehung zu den Content-Anbietern.</disclaimer>
		<disclaimer lang="en">The contents ahich are displayed by this addon are neither hosted nor distributed by the software developers, nor do the creators have any kind of relationship to the content providers.</disclaimer>
		<platform>all</platform>
		<forum>http://lastship.square7.ch/forum/forumdisplay.php?fid=28</forum>
		<source>https://github.com/lastship/plugin.video.lastship</source>
		<assets>
			<icon>icon.png</icon>
			<fanart>fanart.jpg</fanart>
			<screenshot>resources/screenshots/screenshot-01.jpg</screenshot>
			<screenshot>resources/screenshots/screenshot-02.jpg</screenshot>
			<screenshot>resources/screenshots/screenshot-03.jpg</screenshot>
		</assets>
		<news lang="de">- Provider PLocker, MyVideoLink, CMovies und PubFilmTo repariert
- TheXem integriert für Staffel/Episoden-Zuordnung
- Provider ReleaseBB aktualisiert
- Neue Einstellung für "Fortschritt"-Sortierung
- Darstellung der Ergebnisliste optimiert
- Neue Einstellung zum Filtern von Filmen nach Jahrgang
- Provider Cinanator repariert
- Neuer Pairing-Hoster : VShare.eu
- "Gesehen"-Markierung in der Library ab 90% der Videolänge
- Deutsche Trailer, wenn Info-Sprache auf deutsch gestellt ist</news>
		<news lang="en">- Fixed provider PLocker, CMovies, MyVideoLink and PubFilmTo
- Integrated TheXem for season/episode matching
- Updated provider ReleaseBB
- New user setting for "Progress" sort order
- Tweak display of source results
- New user setting to filter movies by year
- Fix Cinenator provider
- New pairing host : VShare.eu
- Mark video as "watched" in library after 90% have been played
- Search german trailers when info language is set to german</news>
	</extension>
</addon>
