﻿<?xml version="1.0" encoding="UTF-8" standalone="yes"?>
<addon id="repository.lastship" name="Lastship repository" version="1.0.1" provider-name="Lastship">
	<extension point="xbmc.addon.repository" name="lastship repository">
	<dir>
        <info compressed="false">https://github.com/lastship/lastshipRepo/raw/master/addons.xml</info>
        <checksum>https://github.com/lastship/lastshipRepo/raw/master/addons.xml.md5</checksum>
        <datadir zip="true">https://github.com/lastship/lastshipRepo/raw/master/zips/</datadir>
	</dir>
    <dir>
		<info compressed="false">https://github.com/lastship/lastship-common/raw/master/addons.xml</info>
		<checksum>https://github.com/lastship/lastship-common/raw/master/addons.xml.md5</checksum>
		<datadir zip="true">https://github.com/lastship/lastship-common/raw/master/zips/</datadir>
    </dir>
	</extension>
	<extension point="xbmc.addon.metadata">
		<summary lang="en">Lastship repository</summary>
		<description lang="en">Lastship repository</description>
		<platform>all</platform>
		<forum>http://lastship.square7.ch/forum/</forum>
   	</extension>
</addon>