<?xml version="1.0" encoding="UTF-8" standalone="yes"?>
<addon id="script.lastship.artwork" version="2.0.2" name="Lastship Artwork" provider-name="Lastship Team">
	<requires>
		<import addon="xbmc.python" version="2.19.0"/>
	</requires>
	<extension point="xbmc.python.module" library="lib" />
	<extension point="xbmc.addon.metadata">
		<summary>Themes for the Lastship Addon</summary>
		<description>Themes for Lastship are maintained separately to make distribution of the the addon itself easier/faster.</description>
		<platform>all</platform>
	</extension>
</addon>
