<?xml version="1.0" encoding="UTF-8" standalone="yes"?>
<addon id="script.module.lastship" name="Lastship Module" version="1.0.7.0" provider-name="LastShip">
	<requires>
		<import addon="xbmc.python" version="2.1.0" />
	</requires>
	<extension point="xbmc.python.module" library="lib" />
	<extension point="xbmc.addon.metadata">
		<platform>all</platform>
		<summary lang="en">lastship</summary>
		<description>Viel Spaß mit LastShip</description>
		<news lang="de">
			- add duckduckgo (Fallback HDFilme)
			  UPDATE:
			- Fox (Quality Viewing)
			- HDFilme mit Fallback
			- Proxer (Suche)
			- Serienstream (Movies entfernt)
			- HDStreams (Fix Typos)
			- Kinoger (Fix Typos)
			- kinox (Fix Typos)
			- Streamdream (Fix Typos)
		</news>
	</extension>
</addon>
