<?xml version="1.0" encoding="UTF-8" standalone="yes"?>
<addon id="script.module.lastship" name="Lastship Module" version="1.0.6.8" provider-name="LastShip">
	<requires>
		<import addon="xbmc.python" version="2.1.0" />
	</requires>
	<extension point="xbmc.python.module" library="lib" />
	<extension point="xbmc.addon.metadata">
		<platform>all</platform>
		<summary lang="en">lastship</summary>
		<description>Viel Spaß mit LastShip</description>
		<news lang="de">
			- Update foxx
			- Upate movie2k-sh (Neue Domain movie2k-sc)
			- Update movie4k
			- Add movie4k-lt
			- Update animeloads
			- cine.to entfernt 
			- Pure-Anime.tv 
			- Kategorie Channels entfernt
			- bs.to und alluc.ee entfernt
			- Update sources.py (VodHD als Premium erkennen)
			- Update VodHD 
			- Fix Serienstream
			- Fix Filme 90 Tage deleay
			- Fix HidenCinema
			- Code Optimiert
		</news>
	</extension>
</addon>
