<?xml version="1.0" encoding="UTF-8" standalone="yes"?>
<addon id="plugin.video.lastship" version="1.1.7.1" name="Lastship" provider-name="Lastship">
	<requires>
		<import addon="xbmc.python" version="2.19.0" />
		<import addon="repository.lastship" version="1.0.0" />
		<import addon="script.lastship.artwork" version="1.0.4" />
		<import addon="script.lastship.metadata" version="1.0.0" />
		<import addon="script.module.urlresolver" version="3.0.0" />
		<import addon="script.module.metahandler" version="1.0.0" />
	</requires>
	<extension point="xbmc.python.pluginsource" library="lastship.py">
		<provides>video</provides>
	</extension>
	<extension point="xbmc.service" library="service.py" start="startup" />
	<extension point="xbmc.addon.metadata">
		<summary lang="en">Lastship</summary>
		<description lang="de">Wir suchen Entwickler. Bitte besuche [COLOR blue]http://lastship.square7.ch/forum/forumdisplay.php?fid=5[/COLOR] für Unterstützung und Fragen zu Lastship. Lastship FAQ bitte lesen. Beachte dabei, dass Lastship kein offizieller Teil des Media Players ist, den Du gerade verwendest und daher nicht von den offiziellen Support-Kanälen abgedeckt wird. Dieses Addon hat nichts zu tun mit dem Media-Player selbst, noch ist es dafür beabsichtigt. Es handelt sich hierbei lediglich um eine Drittanbieter-Anwendung, die dem System hinzugefügt wurde.</description>
		<disclaimer lang="de">Die von diesem Addon dargestellten Inhalte werden von den Erstellern des Addons weder gehostet oder verbreitet, noch stehen die Ersteller in irgendeiner Beziehung zu den Content-Anbietern.</disclaimer>
		<platform>all</platform>
		<forum>http://lastship.square7.ch/forum/forumdisplay.php?fid=28</forum>
		<source>https://github.com/lastship/plugin.video.lastship</source>
		<assets>
			<icon>icon.png</icon>
			<fanart>fanart.jpg</fanart>
			<screenshot>resources/screenshots/screenshot-01.jpg</screenshot>
			<screenshot>resources/screenshots/screenshot-02.jpg</screenshot>
			<screenshot>resources/screenshots/screenshot-03.jpg</screenshot>
		</assets>
		<news>-Add gostream provider
- Improve watched states sync to Trakt
- Tweak fanart.tv calls for movie artwork</news>
	</extension>
</addon>
