<?xml version="1.0" encoding="UTF-8" standalone="yes"?>
<addon id="plugin.video.lastship" version="1.2.3" name="Lastship" provider-name="Lastship">
	<requires>
		<import addon="xbmc.python" version="2.19.0" />
		<import addon="repository.lastship" version="1.0.1" />
		<import addon="script.lastship.artwork" version="1.0.4" />
		<import addon="script.lastship.metadata" version="1.0.0" />
		<import addon="script.module.urlresolver" version="3.0.0" />
		<import addon="script.module.metahandler" version="1.0.0" />
	</requires>
	<extension point="xbmc.python.pluginsource" library="lastship.py">
		<provides>video</provides>
	</extension>
	<extension point="xbmc.service" library="service.py" start="startup" />
	<extension point="xbmc.addon.metadata">
		<summary lang="en">Lastship</summary>
		<description lang="de">Wir suchen Entwickler. Bitte besuche das Forum [COLOR blue]http://lastship.square7.ch/forum/forumdisplay.php?fid=5[/COLOR] oder unseren Chatroom [COLOR blue]https://gitter.im/Lastship_Chat/Lobby[/COLOR] für Unterstützung und Fragen zu Lastship. Lastship FAQ bitte lesen. Beachte, dass Lastship kein offizieller Teil des verwendeten Media Players ist, und daher nicht von den offiziellen Support-Kanälen abgedeckt wird. Es handelt sich lediglich um eine Drittanbieter-Erweiterung, die dem System hinzugefügt wurde.</description>
		<description lang="en">We're looking for developers. For support or questions about Lastship, please visit the forums [COLOR blue]http://lastship.square7.ch/forum/forumdisplay.php?fid=5[/COLOR] or our chat room [COLOR blue]https://gitter.im/Lastship_Chat/Lobby[/COLOR]. Please read the Lastship FAQs. Keep in mind that Lastship is not an official part of the media player it runs on, thhus it will not be supported via the official channels. It is just a third-party extension, which has been integrated into the system.</description>
		<disclaimer lang="de">Die von diesem Addon dargestellten Inhalte werden von den Erstellern der Software weder gehostet oder verbreitet, noch stehen die Ersteller in irgendeiner Beziehung zu den Content-Anbietern.</disclaimer>
		<disclaimer lang="en">The contents ahich are displayed by this addon are neither hosted nor distributed by the software developers, nor do the creators have any kind of relationship to the content providers.</disclaimer>
		<platform>all</platform>
		<forum>http://lastship.square7.ch/forum/forumdisplay.php?fid=28</forum>
		<source>https://github.com/lastship/plugin.video.lastship</source>
		<assets>
			<icon>icon.png</icon>
			<fanart>fanart.jpg</fanart>
			<screenshot>resources/screenshots/screenshot-01.jpg</screenshot>
			<screenshot>resources/screenshots/screenshot-02.jpg</screenshot>
			<screenshot>resources/screenshots/screenshot-03.jpg</screenshot>
		</assets>
		<news lang="de">- Beim Hinzufügen neuer Episoden zur Library wird eine bereits vorhandene "tvshow.nfo" nicht mehr überschrieben
- Neu gesendete Episoden können sofort zur Library hinzugefügt werden (nicht erst 1 Tag später)
- Datumsaktualisierung im Hintergrund bei Auto-Import von Episoden
- Exuary kann als Erscheinungsbild ausgewählt werden
- Neue Englische Index Seiten hinzugefügt: Icefilms, Openloadmovies, Series9, 123netflix
- cfscrape erstellt (Cloudflare Scraper)
- Update source.py (Beim Durchsuchen der Index Seiten wird jetzt auch angezeigt, welche Stream Auflösungen zur Verfügung stehen)
- Update Index Seite Alluc-de
- Fix foxx.to (Danke an Philps)</news>
		<news lang="en">- Bugfix : overwriting of .nfo file when adding new episodes
- Add new episodes to library on air day
- Add date update for automated episode import service</news>
	</extension>
</addon>
