<?xml version="1.0" encoding="UTF-8" standalone="yes"?>
<addon id="script.module.lastship" name="Lastship Module" version="1.0.6.6" provider-name="LastShip">
	<requires>
		<import addon="xbmc.python" version="2.1.0" />
	</requires>
	<extension point="xbmc.python.module" library="lib" />
	<extension point="xbmc.addon.metadata">
		<platform>all</platform>
		<summary lang="en">lastship</summary>
		<description>Viel Spaß mit LastShip</description>
		<news lang="de">- Update serienstream auf neue Domain
- add tmovie und update tmovie
- add kinoger
- Update source_faultlog
- Update tata
- Update cleantitle.py
- add Funktion Fehlerhafte Provider erkennen und Update alle source_de
- Update movie2k-sh 
</news>
	</extension>
</addon>
