<?xml version="1.0" encoding="UTF-8" standalone="yes"?>
<addon id="script.module.lastship" name="Lastship Module" version="1.0.6.7" provider-name="LastShip">
	<requires>
		<import addon="xbmc.python" version="2.1.0" />
	</requires>
	<extension point="xbmc.python.module" library="lib" />
	<extension point="xbmc.addon.metadata">
		<platform>all</platform>
		<summary lang="en">lastship</summary>
		<description>Viel Spaß mit LastShip</description>
		<news lang="de">
			- HDStreams Update
			- cfscraper Update 
			- QuickFix 4K Quellen finden 
			- TMDB Suche Update
			- Fix kinow
			- Fix Foxx
			- Update Kinoger
			- Update view4u
			- Update movie4k (Add Serien und Suche optimiert)
			- merged from Performance branch
		</news>
	</extension>
</addon>
