<?xml version="1.0" encoding="UTF-8" standalone="yes"?>
<addon id="script.module.lastship" name="Lastship Module" version="1.0.6.9" provider-name="LastShip">
	<requires>
		<import addon="xbmc.python" version="2.1.0" />
	</requires>
	<extension point="xbmc.python.module" library="lib" />
	<extension point="xbmc.addon.metadata">
		<platform>all</platform>
		<summary lang="en">lastship</summary>
		<description>Viel Spaß mit LastShip</description>
		<news lang="de">
			- Update cleantitle.py (Umlaute Update)
			- Update Provider-Fault-Logging und source_faultlog.py for New Logging (Update Fehlerhafte Provider melden)
			- Fix Foxx
			- Fix Filmpalast (Fix Suche)			
			- TMovie entfernt
			- Fix/Update Animeloads
		</news>
	</extension>
</addon>
